Player,Pos,Age,Tm,MP,PTS,FG%,3P,FT%,TRB,AST,STL,BLK,,,,
Álex Abrines,G,25,OKC,19,5.3,0.357,1.3,0.923,1.5,0.6,0.5,0.2,,,,
Quincy Acy,F,28,PHO,12.3,1.7,0.222,0.2,0.7,2.5,0.8,0.1,0.4,,,,
Jaylen Adams,G,22,ATL,12.6,3.2,0.345,0.7,0.778,1.8,1.9,0.4,0.1,,,,
Steven Adams,C,25,OKC,33.4,13.9,0.595,0,0.5,9.5,1.6,1.5,1,,,,
Bam Adebayo,C,21,MIA,23.3,8.9,0.576,0,0.735,7.3,2.2,0.9,0.8,,,,
Deng Adel,F,21,CLE,10.2,1.7,0.306,0.3,1,1,0.3,0.1,0.2,,,,
LaMarcus Aldridge,C,33,SAS,33.2,21.3,0.519,0.1,0.847,9.2,2.4,0.5,1.3,,,,
Rawle Alkins,G,21,CHI,12,3.7,0.333,0.3,0.667,2.6,1.3,0.1,0,,,,
Grayson Allen,G,23,UTA,10.9,5.6,0.376,0.8,0.75,0.6,0.7,0.2,0.2,,,,
Jarrett Allen,C,20,BRK,26.2,10.9,0.59,0.1,0.709,8.4,1.4,0.5,1.5,,,,
Kadeem Allen,G,26,NYK,21.9,9.9,0.461,0.9,0.778,2.7,4,0.8,0.2,,,,
Al-Farouq Aminu,F,28,POR,28.3,9.4,0.433,1.2,0.867,7.5,1.3,0.8,0.4,,,,
Justin Anderson,F,25,ATL,9.6,3.7,0.408,0.5,0.743,1.8,0.5,0.5,0.3,,,,
Kyle Anderson,F,25,MEM,29.8,8,0.543,0.2,0.578,5.8,3,1.3,0.9,,,,
Ryan Anderson,F,30,TOT,12.9,2.5,0.304,0.4,0.75,2.2,0.8,0.2,0,,,,
Giannis Antetokounmpo,F,24,MIL,32.8,27.7,0.578,0.7,0.729,12.5,5.9,1.3,1.5,,,,
Kostas Antetokounmpo,F,21,DAL,5.5,1,0,0,0.5,0.5,0,1,0,,,,
Carmelo Anthony,F,34,HOU,29.4,13.4,0.405,2.1,0.682,5.4,0.5,0.4,0.7,,,,
OG Anunoby,F,21,TOR,20.2,7,0.453,1,0.581,2.9,0.7,0.7,0.3,,,,
Ryan Arcidiacono,G,24,CHI,24.2,6.7,0.447,1,0.873,2.7,3.3,0.8,0,,,,
Trevor Ariza,F,33,TOT,34,12.5,0.399,2.1,0.793,5.4,3.7,1.3,0.3,,,,
D.J. Augustin,G,31,ORL,28,11.7,0.47,1.6,0.866,2.5,5.3,0.6,0,,,,
Deandre Ayton,C,20,PHO,30.7,16.3,0.585,0,0.746,10.3,1.8,0.9,0.9,,,,
Dwayne Bacon,G,23,CHO,17.7,7.3,0.475,0.9,0.739,2.1,1.1,0.3,0.1,,,,
Marvin Bagley,F,19,SAC,25.3,14.9,0.504,0.5,0.691,7.6,1,0.5,1,,,,
Ron Baker,G,25,TOT,10.1,0.9,0.2,0.1,0.833,0.7,1,0.4,0.1,,,,
Wade Baldwin,G,22,POR,5.9,1.9,0.303,0.1,0.727,0.9,0.8,0.1,0.1,,,,
Lonzo Ball,G,21,LAL,30.3,9.9,0.406,1.6,0.417,5.3,5.4,1.5,0.4,,,,
Mohamed Bamba,C,20,ORL,16.3,6.2,0.481,0.4,0.587,5,0.8,0.3,1.4,,,,
J.J. Barea,G,34,DAL,19.8,10.9,0.418,1,0.705,2.5,5.6,0.6,0,,,,
Harrison Barnes,F,26,TOT,32.9,16.4,0.42,2.3,0.824,4.7,1.5,0.6,0.2,,,,
Will Barton,G,28,DEN,27.7,11.5,0.402,1.6,0.77,4.6,2.9,0.4,0.5,,,,
Keita Bates-Diop,F,23,MIN,16.8,5,0.423,0.4,0.643,2.8,0.6,0.6,0.5,,,,
Nicolas Batum,F,30,CHO,31.4,9.3,0.45,1.5,0.865,5.2,3.3,0.9,0.6,,,,
Jerryd Bayless,G,30,MIN,19.3,6.1,0.357,0.9,0.571,1.8,3.5,0.5,0.1,,,,
Aron Baynes,C,32,BOS,16.1,5.6,0.471,0.4,0.855,4.7,1.1,0.2,0.7,,,,
Kent Bazemore,G,29,ATL,24.5,11.6,0.402,1.4,0.726,3.9,2.3,1.3,0.6,,,,
Bradley Beal,G,25,WAS,36.9,25.6,0.475,2.5,0.808,5,5.5,1.5,0.7,,,,
Malik Beasley,G,22,DEN,23.2,11.3,0.474,2,0.848,2.5,1.2,0.7,0.1,,,,
Michael Beasley,F,30,LAL,10.7,7,0.49,0.1,0.718,2.3,1,0.3,0.4,,,,
Marco Belinelli,G,32,SAS,23,10.5,0.413,1.9,0.903,2.5,1.7,0.4,0.1,,,,
Jordan Bell,C,24,GSW,11.6,3.3,0.516,0,0.61,2.7,1.1,0.3,0.8,,,,
DeAndre' Bembry,G,24,ATL,23.5,8.4,0.446,0.6,0.64,4.4,2.5,1.3,0.5,,,,
Dragan Bender,F,21,PHO,18,5,0.447,0.5,0.593,4,1.2,0.4,0.5,,,,
Dairis Bertans,G,29,NOP,13.9,2.8,0.255,0.8,0,0.8,0.8,0.1,0,,,,
Davis Bertans,F,26,SAS,21.5,8,0.45,1.9,0.883,3.5,1.3,0.5,0.4,,,,
Patrick Beverley,G,30,LAC,27.4,7.6,0.407,1.4,0.78,5,3.8,0.9,0.6,,,,
Khem Birch,C,26,ORL,12.9,4.8,0.603,0,0.699,3.8,0.8,0.4,0.6,,,,
Bismack Biyombo,C,26,CHO,14.5,4.4,0.571,0,0.637,4.6,0.6,0.2,0.8,,,,
Nemanja Bjelica,F,30,SAC,23.2,9.6,0.479,1.3,0.761,5.8,1.9,0.7,0.7,,,,
Antonio Blakeney,G,22,CHI,14.5,7.3,0.419,0.6,0.658,1.9,0.7,0.2,0.2,,,,
Eric Bledsoe,G,29,MIL,29.1,15.9,0.484,1.6,0.75,4.6,5.5,1.5,0.4,,,,
Jaron Blossomgame,F,25,CLE,16.3,4.2,0.443,0.4,0.769,3.6,0.5,0.3,0.3,,,,
Bogdan Bogdanovic,G,26,SAC,27.8,14.1,0.418,1.9,0.827,3.5,3.8,1,0.2,,,,
Bojan Bogdanovic,F,29,IND,31.8,18,0.497,2,0.807,4.1,2,0.9,0,,,,
Andrew Bogut,C,34,GSW,12.2,3.5,0.5,0,1,5,1,0.3,0.7,,,,
Jonah Bolden,F,23,PHI,14.5,4.7,0.494,0.8,0.481,3.8,0.9,0.4,0.9,,,,
Isaac Bonga,G,19,LAL,5.5,0.9,0.152,0,0.6,1.1,0.7,0.4,0.2,,,,
Devin Booker,G,22,PHO,35,26.6,0.467,2.1,0.866,4.1,6.8,0.9,0.2,,,,
Chris Boucher,F,26,TOR,5.8,3.3,0.447,0.4,0.867,2,0.1,0.2,0.9,,,,
Avery Bradley,G,28,TOT,30.2,9.9,0.408,1.4,0.86,2.8,2.4,0.7,0.3,,,,
Tony Bradley,C,21,UTA,12,5.7,0.5,0,0.5,5,0.3,0.7,0.7,,,,
Corey Brewer,F,32,TOT,15.9,4.9,0.431,0.5,0.721,2.5,1.3,1,0.2,,,,
Mikal Bridges,F,22,PHO,29.5,8.3,0.43,1.3,0.805,3.2,2.1,1.6,0.5,,,,
Miles Bridges,F,20,CHO,21.2,7.5,0.464,0.8,0.753,4,1.2,0.7,0.6,,,,
Isaiah Briscoe,G,22,ORL,14.3,3.5,0.399,0.3,0.577,1.9,2.2,0.3,0.1,,,,
Ryan Broekhoff,G,28,DAL,10.8,4,0.452,0.9,0.789,1.5,0.5,0.1,0.1,,,,
Malcolm Brogdon,G,26,MIL,28.6,15.6,0.505,1.6,0.928,4.5,3.2,0.7,0.2,,,,
Dillon Brooks,F,23,MEM,18.3,7.5,0.402,0.8,0.733,1.7,0.9,0.6,0.2,,,,
MarShon Brooks,G,30,MEM,13.3,6.6,0.45,0.5,0.697,1.6,0.9,0.3,0.1,,,,
Bruce Brown,G,22,DET,19.6,4.3,0.398,0.3,0.75,2.5,1.2,0.5,0.5,,,,
Jaylen Brown,G,22,BOS,25.9,13,0.465,1.3,0.658,4.2,1.4,0.9,0.4,,,,
Lorenzo Brown,G,28,TOR,8.2,2.1,0.324,0.2,1,1.2,1.1,0.5,0.2,,,,
Sterling Brown,G,23,MIL,17.8,6.4,0.465,0.9,0.69,3.2,1.4,0.4,0.1,,,,
Troy Brown,F,19,WAS,14,4.8,0.415,0.4,0.681,2.8,1.5,0.4,0.1,,,,
Jalen Brunson,G,22,DAL,21.8,9.3,0.467,0.9,0.725,2.3,3.2,0.5,0.1,,,,
Thomas Bryant,C,21,WAS,20.8,10.5,0.616,0.5,0.781,6.3,1.3,0.3,0.9,,,,
Reggie Bullock,G,27,TOT,29.8,11.3,0.412,2.3,0.859,2.7,2,0.6,0.2,,,,
Trey Burke,G,26,TOT,19.4,10.9,0.431,1,0.831,1.7,2.7,0.6,0.1,,,,
Alec Burks,G,27,TOT,21.5,8.8,0.405,1,0.823,3.7,2,0.6,0.3,,,,
Deonte Burton,G,25,OKC,7.5,2.6,0.402,0.3,0.667,0.9,0.3,0.2,0.3,,,,
Jimmy Butler,F,29,TOT,33.6,18.7,0.462,1,0.855,5.3,4,1.9,0.6,,,,
Bruno Caboclo,F,23,MEM,23.5,8.3,0.427,1.4,0.84,4.6,1.5,0.4,1,,,,
José Calderón,G,37,DET,12.9,2.3,0.375,0.3,0.818,1.2,2.3,0.3,0.1,,,,
Kentavious Caldwell-Pope,G,25,LAL,24.8,11.4,0.43,1.8,0.867,2.9,1.3,0.9,0.2,,,,
Isaiah Canaan,G,27,TOT,21,6,0.39,1.1,0.792,1.9,2.8,0.5,0.1,,,,
Clint Capela,C,24,HOU,33.6,16.6,0.648,0,0.636,12.7,1.4,0.7,1.5,,,,
DeMarre Carroll,F,32,BRK,25.4,11.1,0.395,1.6,0.76,5.2,1.3,0.5,0.1,,,,
Jevon Carter,G,23,MEM,14.8,4.4,0.303,0.9,0.813,1.7,1.8,0.7,0.3,,,,
Vince Carter,F,42,ATL,17.5,7.4,0.419,1.6,0.712,2.6,1.1,0.6,0.4,,,,
Wendell Carter,C,19,CHI,25.2,10.3,0.485,0.1,0.795,7,1.8,0.6,1.3,,,,
Michael Carter-Williams,G,27,TOT,13.3,4.8,0.374,0.4,0.604,2.5,2.5,0.7,0.5,,,,
Alex Caruso,G,24,LAL,21.2,9.2,0.445,1,0.797,2.7,3.1,1,0.4,,,,
Omri Casspi,F,30,MEM,14.4,6.3,0.534,0.4,0.672,3.2,0.7,0.6,0.3,,,,
Willie Cauley-Stein,C,25,SAC,27.3,11.9,0.556,0,0.551,8.4,2.4,1.2,0.6,,,,
Tyson Chandler,C,36,TOT,15.9,3.1,0.616,0,0.586,5.6,0.7,0.4,0.4,,,,
Wilson Chandler,F,31,TOT,23.1,6,0.418,1.2,0.72,4.2,1.6,0.5,0.4,,,,
Joe Chealey,G,23,CHO,8,2,0.333,0,0,0,1,0,0,,,,
Marquese Chriss,F,21,TOT,11.6,4.2,0.372,0.4,0.711,3.3,0.5,0.4,0.3,,,,
Gary Clark,F,24,HOU,12.6,2.9,0.331,0.8,1,2.3,0.4,0.4,0.5,,,,
Ian Clark,G,27,NOP,16.2,6.7,0.394,1.1,0.892,1.5,1.6,0.4,0.1,,,,
Jordan Clarkson,G,26,CLE,27.3,16.8,0.448,1.8,0.844,3.3,2.4,0.7,0.2,,,,
John Collins,F,21,ATL,30,19.5,0.56,0.9,0.763,9.8,2,0.4,0.6,,,,
Zach Collins,C,21,POR,17.6,6.6,0.473,0.5,0.746,4.2,0.9,0.3,0.9,,,,
Darren Collison,G,31,IND,28.2,11.2,0.467,1,0.832,3.1,6,1.4,0.1,,,,
Bonzie Colson,F,23,MIL,12.3,4.9,0.333,0.6,0.889,3.8,0.4,0.6,0.1,,,,
Mike Conley,G,31,MEM,33.5,21.1,0.438,2.2,0.845,3.4,6.4,1.3,0.3,,,,
Pat Connaughton,G,26,MIL,20.7,6.9,0.466,1.1,0.725,4.2,2,0.5,0.4,,,,
Quinn Cook,G,25,GSW,14.3,6.9,0.465,1.1,0.769,2.1,1.6,0.3,0,,,,
DeMarcus Cousins,C,28,GSW,25.7,16.3,0.48,0.9,0.736,8.2,3.6,1.3,1.5,,,,
Robert Covington,F,28,TOT,34.4,13.3,0.431,2.4,0.764,5.5,1.3,2.1,1.3,,,,
Allen Crabbe,G,26,BRK,26.3,9.6,0.367,2.3,0.732,3.4,1.1,0.5,0.3,,,,
Torrey Craig,F,28,DEN,20,5.7,0.442,0.8,0.7,3.5,1,0.5,0.6,,,,
Jamal Crawford,G,38,PHO,18.9,7.9,0.397,1,0.845,1.3,3.6,0.5,0.2,,,,
Mitch Creek,F,26,TOT,9.6,4.2,0.5,0,0.714,2.4,1.2,0.4,0,,,,
Jae Crowder,F,28,UTA,27.1,11.9,0.399,2.2,0.721,4.8,1.7,0.8,0.4,,,,
Dante Cunningham,F,31,SAS,14.5,3,0.475,0.5,0.778,2.9,0.8,0.4,0.2,,,,
Seth Curry,G,28,POR,18.9,7.9,0.456,1.5,0.846,1.6,0.9,0.5,0.2,,,,
Stephen Curry,G,30,GSW,33.8,27.3,0.472,5.1,0.916,5.3,5.2,1.3,0.4,,,,
Troy Daniels,G,27,PHO,14.9,6.2,0.411,1.5,0.783,1.4,0.5,0.5,0.1,,,,
Anthony Davis,C,25,NOP,33,25.9,0.517,0.9,0.794,12,3.9,1.6,2.4,,,,
Deyonta Davis,C,22,ATL,13.1,4,0.682,0,0.6,4,0.6,0.3,0.6,,,,
Ed Davis,C,29,BRK,17.9,5.8,0.616,0,0.617,8.6,0.8,0.4,0.4,,,,
Dewayne Dedmon,C,29,ATL,25.1,10.8,0.492,1.3,0.814,7.5,1.4,1.1,1.1,,,,
Sam Dekker,F,24,TOT,16.8,6.1,0.469,0.4,0.609,3.1,1,0.8,0.1,,,,
Ángel Delgado,C,24,LAC,7.5,1.5,0.2,0,0.5,2,0,0.5,0,,,,
Matthew Dellavedova,G,28,TOT,16.9,5.9,0.405,0.9,0.808,1.6,3.8,0.3,0,,,,
Luol Deng,F,33,MIN,17.8,7.1,0.5,0.6,0.714,3.3,0.8,0.7,0.4,,,,
DeMar DeRozan,G,29,SAS,34.9,21.2,0.481,0.1,0.83,6,6.2,1.1,0.5,,,,
Marcus Derrickson,F,22,GSW,6.1,4.2,0.485,0.9,0.8,1.2,0.1,0,0.1,,,,
Cheick Diallo,F,22,NOP,14,6,0.62,0,0.746,5.2,0.5,0.5,0.5,,,,
Hamidou Diallo,G,20,OKC,10.3,3.7,0.455,0.1,0.61,1.9,0.3,0.4,0.2,,,,
Gorgui Dieng,C,29,MIN,13.6,6.4,0.501,0.3,0.83,4.1,0.9,0.6,0.5,,,,
Spencer Dinwiddie,G,25,BRK,28.1,16.8,0.442,1.8,0.806,2.4,4.6,0.6,0.3,,,,
Donte DiVincenzo,G,22,MIL,15.2,4.9,0.403,0.8,0.75,2.4,1.1,0.5,0.2,,,,
Luka Doncic,G,19,DAL,32.2,21.2,0.427,2.3,0.713,7.8,6,1.1,0.3,,,,
Tyler Dorsey,G,22,TOT,14.5,6.2,0.405,0.9,0.623,2.4,1.2,0.3,0,,,,
Damyean Dotson,G,24,NYK,27.5,10.7,0.415,1.7,0.745,3.6,1.8,0.8,0.1,,,,
PJ Dozier,G,22,BOS,8.5,3.2,0.381,0.3,0.5,2.8,0.8,0.3,0,,,,
Goran Dragic,G,32,MIA,27.5,13.7,0.413,1.6,0.782,3.1,4.8,0.8,0.1,,,,
Andre Drummond,C,25,DET,33.5,17.3,0.533,0.1,0.59,15.6,1.4,1.7,1.7,,,,
Jared Dudley,F,33,BRK,20.7,4.9,0.423,0.9,0.696,2.6,1.4,0.6,0.3,,,,
Kris Dunn,G,24,CHI,30.2,11.3,0.425,0.7,0.797,4.1,6,1.5,0.5,,,,
Kevin Durant,F,30,GSW,34.6,26,0.521,1.8,0.885,6.4,5.9,0.7,1.1,,,,
Vince Edwards,F,22,HOU,8,1.5,0.25,0.5,0,1,0,0,0,,,,
Henry Ellenson,F,22,TOT,13.6,6,0.411,0.9,0.76,3.5,0.8,0.4,0.1,,,,
Wayne Ellington,G,31,TOT,24.5,10.3,0.403,2.6,0.796,2,1.4,1,0.1,,,,
Joel Embiid,C,24,PHI,33.7,27.5,0.484,1.2,0.804,13.6,3.7,0.7,1.9,,,,
James Ennis,F,28,TOT,21.2,6.7,0.469,0.9,0.716,3.1,0.7,0.7,0.4,,,,
Jacob Evans,G,21,GSW,6.8,1.3,0.34,0.1,0,0.8,0.8,0.2,0.1,,,,
Jawun Evans,G,22,TOT,8.1,0.8,0.214,0,0,1.5,1.3,0.4,0,,,,
Tyreke Evans,G,29,IND,20.3,10.2,0.389,1.1,0.719,2.9,2.4,0.8,0.3,,,,
Dante Exum,G,23,UTA,15.8,6.9,0.419,0.4,0.791,1.6,2.6,0.3,0.1,,,,
Kenneth Faried,C,29,TOT,19.7,10.4,0.589,0.2,0.646,6.8,0.5,0.5,0.6,,,,
Derrick Favors,C,27,UTA,23.2,11.8,0.586,0.2,0.675,7.4,1.2,0.7,1.4,,,,
Cristiano Felício,C,26,CHI,12.4,4,0.531,0,0.685,3.6,0.6,0.2,0.1,,,,
Raymond Felton,G,34,OKC,11.5,4.3,0.407,0.6,0.923,1,1.6,0.3,0.2,,,,
Terrance Ferguson,G,20,OKC,26.1,6.9,0.429,1.4,0.725,1.9,1,0.5,0.2,,,,
Yogi Ferrell,G,25,SAC,15,5.9,0.435,0.8,0.896,1.5,1.9,0.5,0.1,,,,
Dorian Finney-Smith,F,25,DAL,24.5,7.5,0.432,1,0.709,4.8,1.2,0.9,0.4,,,,
Bryn Forbes,G,25,SAS,28,11.8,0.456,2.1,0.885,2.9,2.1,0.5,0,,,,
Evan Fournier,G,26,ORL,31.5,15.1,0.438,1.9,0.806,3.2,3.6,0.9,0.1,,,,
De'Aaron Fox,G,21,SAC,31.4,17.3,0.458,1.1,0.727,3.8,7.3,1.6,0.6,,,,
Tim Frazier,G,28,TOT,19,5.3,0.444,0.6,0.759,2.8,4.2,0.5,0.1,,,,
Jimmer Fredette,G,29,PHO,10.8,3.7,0.276,0,1,1.2,1.3,0.5,0,,,,
Channing Frye,C,35,CLE,9.5,3.6,0.368,0.9,0.786,1.4,0.6,0.2,0.1,,,,
Markelle Fultz,G,20,PHI,22.5,8.2,0.419,0.2,0.568,3.7,3.1,0.9,0.3,,,,
Danilo Gallinari,F,30,LAC,30.3,19.8,0.463,2.4,0.904,6.1,2.6,0.7,0.3,,,,
Langston Galloway,G,27,DET,21.8,8.4,0.388,1.7,0.844,2.1,1.1,0.5,0.1,,,,
Billy Garrett,G,24,NYK,15.8,6.5,0.407,0,1,0.8,1.8,0.3,0.3,,,,
Marc Gasol,C,34,TOT,30.8,13.6,0.448,1.3,0.759,7.9,4.4,1.1,1.1,,,,
Pau Gasol,C,38,TOT,12,3.9,0.447,0.2,0.7,4.6,1.7,0.2,0.5,,,,
Rudy Gay,F,32,SAS,26.7,13.7,0.504,1.1,0.816,6.8,2.6,0.8,0.5,,,,
Paul George,F,28,OKC,36.9,28,0.438,3.8,0.839,8.2,4.1,2.2,0.4,,,,
Taj Gibson,F,33,MIN,24.1,10.8,0.566,0.2,0.757,6.5,1.2,0.8,0.6,,,,
Harry Giles,F,20,SAC,14.1,7,0.503,0,0.637,3.8,1.5,0.5,0.4,,,,
Shai Gilgeous-Alexander,G,20,LAC,26.5,10.8,0.476,0.6,0.8,2.8,3.3,1.2,0.5,,,,
Rudy Gobert,C,26,UTA,31.8,15.9,0.669,0,0.636,12.9,2,0.8,2.3,,,,
Aaron Gordon,F,23,ORL,33.8,16,0.449,1.6,0.731,7.4,3.7,0.7,0.7,,,,
Eric Gordon,G,30,HOU,31.7,16.2,0.409,3.2,0.783,2.2,1.9,0.6,0.4,,,,
Marcin Gortat,C,34,LAC,16,5,0.532,0,0.729,5.6,1.4,0.1,0.5,,,,
Devonte' Graham,G,23,CHO,14.7,4.7,0.343,0.7,0.761,1.4,2.6,0.5,0,,,,
Treveon Graham,G,25,BRK,20.4,5.3,0.335,1.1,0.818,3.1,1,0.4,0.2,,,,
Jerami Grant,F,24,OKC,32.7,13.6,0.497,1.4,0.71,5.2,1,0.8,1.3,,,,
Jerian Grant,G,26,ORL,15.7,4.2,0.418,0.7,0.65,1.6,2.6,0.7,0.1,,,,
Danny Green,G,31,TOR,27.7,10.3,0.465,2.5,0.841,4,1.6,0.9,0.7,,,,
Draymond Green,F,28,GSW,31.3,7.4,0.445,0.7,0.692,7.3,6.9,1.4,1.1,,,,
Gerald Green,G,33,HOU,20.2,9.2,0.4,2.1,0.838,2.5,0.5,0.5,0.4,,,,
JaMychal Green,F,28,TOT,21.1,9.4,0.483,1.1,0.792,6.3,0.8,0.7,0.5,,,,
Jeff Green,F,32,WAS,27.2,12.3,0.475,1.4,0.888,4,1.8,0.6,0.5,,,,
Blake Griffin,F,29,DET,35,24.5,0.462,2.5,0.753,7.5,5.4,0.7,0.4,,,,
Daniel Hamilton,G,23,ATL,10.7,3,0.383,0.4,0.5,2.5,1.2,0.3,0.1,,,,
Dusty Hannahs,G,25,MEM,13,4,0.25,0,1,0.5,2.5,0.5,0,,,,
Tim Hardaway,G,26,TOT,31.6,18.1,0.393,2.5,0.841,3.4,2.4,0.8,0.1,,,,
James Harden,G,29,HOU,36.8,36.1,0.442,4.8,0.879,6.6,7.5,2,0.7,,,,
Maurice Harkless,F,25,POR,23.6,7.7,0.487,0.6,0.671,4.5,1.2,1.1,0.9,,,,
Montrezl Harrell,C,25,LAC,26.3,16.6,0.615,0,0.643,6.5,2,0.9,1.3,,,,
Devin Harris,G,35,DAL,15.8,6.3,0.38,0.9,0.761,1.6,1.8,0.5,0.2,,,,
Gary Harris,G,24,DEN,28.8,12.9,0.424,1.4,0.799,2.8,2.2,1,0.3,,,,
Joe Harris,G,27,BRK,30.2,13.7,0.5,2.4,0.827,3.8,2.4,0.5,0.2,,,,
Tobias Harris,F,26,TOT,34.7,20,0.487,1.9,0.866,7.9,2.8,0.6,0.5,,,,
Andrew Harrison,G,24,TOT,11,3.2,0.302,0.3,0.944,1.2,1.4,0.2,0.1,,,,
Shaquille Harrison,G,25,CHI,19.6,6.5,0.432,0.3,0.667,3,1.9,1.2,0.4,,,,
Josh Hart,G,23,LAL,25.6,7.8,0.407,1.4,0.688,3.7,1.4,1,0.6,,,,
Isaiah Hartenstein,F,20,HOU,7.9,1.9,0.488,0.1,0.786,1.7,0.5,0.3,0.4,,,,
Udonis Haslem,C,38,MIA,7.4,2.5,0.333,0,0.75,2.7,0.2,0,0,,,,
Gordon Hayward,F,28,BOS,25.9,11.5,0.466,1.1,0.834,4.5,3.4,0.9,0.3,,,,
John Henson,C,28,MIL,13.4,5.6,0.463,0.8,0.6,5.1,1,0.5,0.8,,,,
Juan Hernangómez,F,23,DEN,19.4,5.8,0.439,0.9,0.767,3.8,0.8,0.4,0.3,,,,
Willy Hernangómez,C,24,CHO,14,7.3,0.519,0.3,0.694,5.4,1,0.3,0.3,,,,
Mario Hezonja,F,23,NYK,20.8,8.8,0.412,0.7,0.763,4.1,1.5,1,0.1,,,,
Isaiah Hicks,F,24,NYK,10.7,4,0.5,0,0.8,2.3,0.7,0.3,1,,,,
Buddy Hield,G,26,SAC,31.9,20.7,0.458,3.4,0.886,5,2.5,0.7,0.4,,,,
Haywood Highsmith,F,22,PHI,8,1.8,0.4,0.2,0,1,0.4,0.2,0,,,,
Nenê Hilário,C,36,HOU,13,3.6,0.517,0,0.66,2.9,0.6,0.4,0.4,,,,
George Hill,G,32,TOT,21.7,7.6,0.452,0.8,0.824,2.5,2.3,0.9,0.1,,,,
Solomon Hill,F,27,NOP,20,4.3,0.382,0.7,0.719,3,1.3,0.5,0.2,,,,
Aaron Holiday,G,22,IND,12.9,5.9,0.401,0.9,0.82,1.3,1.7,0.4,0.3,,,,
Jrue Holiday,G,28,NOP,35.9,21.2,0.472,1.8,0.768,5,7.7,1.6,0.8,,,,
Justin Holiday,G,29,TOT,31.8,10.5,0.386,2,0.896,3.9,1.8,1.5,0.4,,,,
Rondae Hollis-Jefferson,F,24,BRK,20.9,8.9,0.411,0.2,0.645,5.3,1.6,0.7,0.5,,,,
Richaun Holmes,C,25,PHO,16.9,8.2,0.608,0,0.731,4.7,0.9,0.6,1.1,,,,
Rodney Hood,G,26,TOT,26.3,11.2,0.435,1.2,0.884,2.2,1.8,0.8,0.2,,,,
Al Horford,C,32,BOS,29,13.6,0.535,1.1,0.821,6.7,4.2,0.9,1.3,,,,
Danuel House,F,25,HOU,25.1,9.4,0.468,1.9,0.789,3.6,1,0.5,0.3,,,,
Dwight Howard,C,33,WAS,25.6,12.8,0.623,0,0.604,9.2,0.4,0.8,0.4,,,,
Kevin Huerter,G,20,ATL,27.3,9.7,0.419,1.8,0.732,3.3,2.9,0.9,0.3,,,,
Isaac Humphries,C,21,ATL,11.2,3,0.286,0.6,0,2.2,0,0.2,0,,,,
R.J. Hunter,G,25,BOS,26,17,0.462,4,0.5,3,3,1,0,,,,
Chandler Hutchison,F,22,CHI,20.3,5.2,0.459,0.3,0.605,4.2,0.8,0.5,0.1,,,,
Serge Ibaka,C,29,TOR,27.2,15,0.529,0.7,0.763,8.1,1.3,0.4,1.4,,,,
Andre Iguodala,F,35,GSW,23.2,5.7,0.5,0.7,0.582,3.7,3.2,0.9,0.8,,,,
Ersan Ilyasova,F,31,MIL,18.4,6.8,0.438,0.9,0.824,4.5,0.8,0.5,0.3,,,,
Joe Ingles,F,31,UTA,31.3,12.1,0.448,2.3,0.707,4,5.7,1.2,0.2,,,,
Brandon Ingram,F,21,LAL,33.8,18.3,0.497,0.6,0.675,5.1,3,0.5,0.6,,,,
Kyrie Irving,G,26,BOS,33,23.8,0.487,2.6,0.873,5,6.9,1.5,0.5,,,,
Jonathan Isaac,F,21,ORL,26.6,9.6,0.429,1.1,0.815,5.5,1.1,0.8,1.3,,,,
Wesley Iwundu,F,24,ORL,18.1,5,0.412,0.4,0.816,2.7,1.1,0.4,0.3,,,,
Demetrius Jackson,G,24,PHI,6.5,3.7,0.533,0.3,1,0.5,0.8,0.3,0,,,,
Frank Jackson,G,20,NOP,19.2,8.1,0.434,0.9,0.74,2.2,1.1,0.4,0,,,,
Jaren Jackson,F,19,MEM,26.1,13.8,0.506,0.9,0.766,4.7,1.1,0.9,1.4,,,,
Josh Jackson,G,21,PHO,25.2,11.5,0.413,0.9,0.671,4.4,2.3,0.9,0.7,,,,
Justin Jackson,F,23,TOT,19.9,7.2,0.447,1.1,0.785,2.6,1.2,0.4,0.2,,,,
Reggie Jackson,G,28,DET,27.9,15.4,0.421,2.1,0.864,2.6,4.2,0.7,0.1,,,,
LeBron James,F,34,LAL,35.2,27.4,0.51,2,0.665,8.5,8.3,1.3,0.6,,,,
Amile Jefferson,F,25,ORL,5.7,2.3,0.625,0,0.875,1.8,0.3,0.3,0.3,,,,
John Jenkins,G,27,TOT,12.8,4.7,0.4,0.8,0.833,1.4,0.8,0,0.1,,,,
Jonas Jerebko,F,31,GSW,16.7,6.3,0.459,0.9,0.8,3.9,1.3,0.4,0.2,,,,
Amir Johnson,C,31,PHI,10.4,3.9,0.503,0.2,0.756,2.9,1.2,0.3,0.3,,,,
B.J. Johnson,F,23,TOT,7,3.3,0.5,0.4,1,1.1,0,0.3,0,,,,
James Johnson,F,31,MIA,21.2,7.8,0.433,0.9,0.714,3.2,2.5,0.6,0.5,,,,
Stanley Johnson,F,22,TOT,18.3,6.9,0.389,0.9,0.781,3.3,1.3,0.9,0.2,,,,
Tyler Johnson,G,26,TOT,26.8,10.9,0.413,1.6,0.748,3,2.9,0.9,0.5,,,,
Wesley Johnson,F,31,TOT,14.1,3.4,0.352,0.7,0.684,1.9,0.6,0.4,0.3,,,,
Nikola Jokic,C,23,DEN,31.3,20.1,0.511,1,0.821,10.8,7.3,1.4,0.7,,,,
Damian Jones,C,23,GSW,17.1,5.4,0.716,0,0.649,3.1,1.2,0.5,1,,,,
Derrick Jones,F,21,MIA,19.2,7,0.494,0.5,0.607,4,0.6,0.8,0.7,,,,
Jalen Jones,F,25,CLE,13.4,5.1,0.419,0.6,0.704,2.1,0.4,0.6,0.1,,,,
Jemerrio Jones,F,23,LAL,23.8,4.5,0.364,0.3,0.5,8.2,2.2,1.2,0.8,,,,
Tyus Jones,G,22,MIN,22.9,6.9,0.415,0.6,0.841,2,4.8,1.2,0.1,,,,
DeAndre Jordan,C,30,TOT,29.7,11,0.641,0,0.705,13.1,2.3,0.6,1.1,,,,
Cory Joseph,G,27,IND,25.2,6.5,0.412,0.7,0.698,3.4,3.9,1.1,0.3,,,,
Frank Kaminsky,C,25,CHO,16.1,8.6,0.463,1.1,0.738,3.5,1.3,0.3,0.3,,,,
Enes Kanter,C,26,TOT,24.5,13.7,0.549,0.1,0.787,9.8,1.7,0.5,0.4,,,,
Luke Kennard,G,22,DET,22.8,9.7,0.438,1.7,0.836,2.9,1.8,0.4,0.2,,,,
Michael Kidd-Gilchrist,F,25,CHO,18.4,6.7,0.476,0.3,0.772,3.8,1,0.5,0.6,,,,
George King,F,25,PHO,6,0,0,0,0,1,0,0,0,,,,
Maxi Kleber,F,27,DAL,21.2,6.8,0.453,1.1,0.784,4.6,1,0.5,1.1,,,,
Brandon Knight,G,27,TOT,18.9,6.8,0.381,1.1,0.794,1.5,1.8,0.5,0.1,,,,
Kevin Knox,F,19,NYK,28.8,12.8,0.37,1.7,0.717,4.5,1.1,0.6,0.3,,,,
Furkan Korkmaz,G,21,PHI,14.1,5.8,0.4,1,0.818,2.2,1.1,0.6,0,,,,
Luke Kornet,F,23,NYK,17,7,0.378,1.5,0.826,2.9,1.2,0.6,0.9,,,,
Kyle Korver,G,37,TOT,19.1,8.6,0.416,2,0.822,2.3,1.2,0.4,0.2,,,,
Kosta Koufos,C,29,SAC,12,3.7,0.477,0,0.417,4.2,0.9,0.4,0.4,,,,
Rodions Kurucs,F,20,BRK,20.5,8.5,0.45,0.9,0.783,3.9,0.8,0.7,0.4,,,,
Kyle Kuzma,F,23,LAL,33.1,18.7,0.456,1.8,0.752,5.5,2.5,0.6,0.4,,,,
Skal Labissière,F,22,TOT,8,3,0.531,0.3,0.529,2,0.5,0.2,0.3,,,,
Jeremy Lamb,G,26,CHO,28.5,15.3,0.44,1.5,0.888,5.5,2.2,1.1,0.4,,,,
Zach LaVine,G,23,CHI,34.5,23.7,0.467,1.9,0.832,4.7,4.5,1,0.4,,,,
Jake Layman,F,24,POR,18.7,7.6,0.509,0.8,0.704,3.1,0.7,0.4,0.4,,,,
T.J. Leaf,F,21,IND,9,3.9,0.541,0.1,0.613,2.2,0.4,0.2,0.3,,,,
Courtney Lee,G,33,TOT,12.6,4,0.411,0.5,0.667,1.6,1.1,0.6,0.1,,,,
Damion Lee,G,26,GSW,11.7,4.9,0.441,0.8,0.864,2,0.4,0.4,0,,,,
Walt Lemon,G,26,CHI,27.8,14.3,0.437,0.3,0.727,4.5,5,1.8,0.2,,,,
Alex Len,C,25,ATL,20.1,11.1,0.494,1,0.648,5.5,1.1,0.4,0.9,,,,
Kawhi Leonard,F,27,TOR,34,26.6,0.496,1.9,0.854,7.3,3.3,1.8,0.4,,,,
Meyers Leonard,C,26,POR,14.4,5.9,0.545,0.8,0.843,3.8,1.2,0.2,0.1,,,,
Jon Leuer,F,29,DET,9.8,3.8,0.584,0,0.742,2.4,0.3,0.3,0.1,,,,
Caris LeVert,F,24,BRK,26.6,13.7,0.429,1.2,0.691,3.8,3.9,1.1,0.4,,,,
Damian Lillard,G,28,POR,35.5,25.8,0.444,3,0.912,4.6,6.9,1.1,0.4,,,,
Jeremy Lin,G,30,TOT,19.4,9.6,0.44,0.7,0.838,2.4,3.1,0.6,0.2,,,,
Shaun Livingston,G,33,GSW,15.1,4,0.519,0,0.784,1.8,1.8,0.5,0.4,,,,
Kevon Looney,C,22,GSW,18.5,6.3,0.625,0,0.619,5.2,1.5,0.6,0.7,,,,
Brook Lopez,C,30,MIL,28.7,12.5,0.452,2.3,0.842,4.9,1.2,0.6,2.2,,,,
Robin Lopez,C,30,CHI,21.7,9.5,0.568,0.1,0.724,3.9,1.2,0.1,1.1,,,,
Kevin Love,F,30,CLE,27.2,17,0.385,2.4,0.904,10.9,2.2,0.3,0.2,,,,
Kyle Lowry,G,32,TOR,34,14.2,0.411,2.4,0.83,4.8,8.7,1.4,0.5,,,,
Kalin Lucas,G,29,DET,6,2,0,0,1,3,1,0,0,,,,
Timothé Luwawu-Cabarrot,F,23,TOT,13.4,4.6,0.376,0.7,0.756,1.9,0.5,0.4,0.2,,,,
Trey Lyles,F,23,DEN,17.5,8.5,0.418,0.8,0.698,3.8,1.4,0.5,0.4,,,,
Shelvin Mack,G,28,TOT,21.9,7.5,0.404,0.8,0.69,1.8,3.2,0.8,0.1,,,,
Daryl Macon,G,23,DAL,11.3,3.6,0.37,0.6,0.571,1.5,0.9,0.1,0,,,,
J.P. Macura,G,23,CHO,8.5,3,0.333,0,0,1.5,1,0,0,,,,
Ian Mahinmi,C,32,WAS,14.6,4.1,0.452,0.1,0.689,3.8,0.7,0.7,0.5,,,,
Thon Maker,C,21,TOT,15.2,5,0.407,0.8,0.667,3.2,0.7,0.3,0.8,,,,
Boban Marjanovic,C,30,TOT,11.7,7.3,0.615,0.1,0.748,4.6,0.9,0.3,0.5,,,,
Lauri Markkanen,F,21,CHI,32.3,18.7,0.43,2.3,0.872,9,1.4,0.7,0.6,,,,
Jarell Martin,F,24,ORL,7.8,2.7,0.413,0.5,0.818,1.7,0.4,0.1,0.2,,,,
Frank Mason,G,24,SAC,11.4,5.1,0.42,0.4,0.684,1.1,2.2,0.4,0.1,,,,
Yante Maten,F,22,MIA,6.5,1,0.25,0,0,1.5,0,0.5,0,,,,
Wesley Matthews,G,32,TOT,30.3,12.2,0.4,2.2,0.81,2.5,2.3,0.8,0.2,,,,
Luc Mbah a Moute,F,32,LAC,15.3,5,0.444,0.5,0.4,1.8,0.5,0.3,0.3,,,a,Moute
Tahjere McCall,G,24,BRK,8,4,0.667,0,0,1,0,0,0,,,,
Patrick McCaw,G,23,TOT,13.7,2.6,0.413,0.3,0.867,1.7,1,0.8,0.1,,,,
CJ McCollum,G,27,POR,33.9,21,0.459,2.4,0.828,4,3,0.8,0.4,,,,
T.J. McConnell,G,26,PHI,19.3,6.4,0.525,0.2,0.784,2.3,3.4,1,0.2,,,,
Doug McDermott,F,27,IND,17.4,7.3,0.491,1.1,0.835,1.4,0.9,0.2,0.1,,,,
JaVale McGee,C,31,LAL,22.3,12,0.624,0,0.632,7.5,0.7,0.6,2,,,,
Rodney McGruder,G,27,MIA,23.5,7.6,0.403,1.2,0.722,3.6,1.7,0.5,0.2,,,,
Alfonzo McKinnie,F,26,GSW,13.9,4.7,0.487,0.6,0.563,3.4,0.4,0.3,0.2,,,,
Ben McLemore,G,25,SAC,8.3,3.9,0.391,0.9,0.667,0.9,0.2,0.3,0.2,,,,
Jordan McRae,G,27,WAS,12.3,5.9,0.469,0.4,0.8,1.5,1.1,0.5,0.3,,,,
Jodie Meeks,G,31,TOR,13,6.4,0.538,1,1,1.5,1,0.1,0.1,,,,
Salah Mejri,C,32,DAL,11.1,3.9,0.491,0.3,0.625,3.6,1,0.3,0.7,,,,
De'Anthony Melton,G,20,PHO,19.7,5,0.391,0.6,0.75,2.7,3.2,1.4,0.5,,,,
Khris Middleton,F,27,MIL,31.1,18.3,0.441,2.3,0.837,6,4.3,1,0.1,,,,
C.J. Miles,F,31,TOT,16.2,6.4,0.36,1.3,0.828,1.8,0.7,0.5,0.3,,,,
Darius Miller,F,28,NOP,25.5,8.2,0.39,1.9,0.789,1.9,2.1,0.6,0.3,,,,
Malcolm Miller,F,25,TOR,6.7,3.5,0.423,1,0.75,0.5,0.1,0.1,0.1,,,,
Patty Mills,G,30,SAS,23.3,9.9,0.425,1.9,0.854,2.2,3,0.6,0.1,,,,
Paul Millsap,F,33,DEN,27.1,12.6,0.484,0.8,0.727,7.2,2,1.2,0.8,,,,
Shake Milton,G,22,PHI,13.4,4.4,0.391,0.7,0.714,1.8,0.9,0.4,0.4,,,,
Nikola Mirotic,F,27,TOT,27.1,15.2,0.439,2.5,0.847,7.4,1.2,0.7,0.7,,,,
Donovan Mitchell,G,22,UTA,33.7,23.8,0.432,2.4,0.806,4.1,4.2,1.4,0.4,,,,
Naz Mitrou-Long,G,25,UTA,6,1.1,0.3,0.1,1,0.4,1.1,0.1,0.1,,,,
Malik Monk,G,20,CHO,17.2,8.9,0.387,1.5,0.882,1.9,1.6,0.5,0.3,,,,
Greg Monroe,C,28,TOT,11.2,5.3,0.487,0,0.625,4,0.6,0.3,0.2,,,,
E'Twaun Moore,G,29,NOP,27.6,11.9,0.481,1.4,0.763,2.4,1.9,0.8,0.2,,,,
Eric Moreland,F,27,TOT,8.6,1.4,0.429,0.2,0,4,0.8,0.2,0.2,,,,
Jaylen Morris,G,23,MIL,7.3,2.5,0.4,0.3,0.5,1.3,1,0.5,0,,,,
Marcus Morris,F,29,BOS,27.9,13.9,0.447,1.9,0.844,6.1,1.5,0.6,0.3,,,,
Markieff Morris,F,29,TOT,21.9,9.4,0.421,1.2,0.772,4.6,1.4,0.6,0.4,,,,
Monte Morris,G,23,DEN,24,10.4,0.493,1.1,0.802,2.4,3.6,0.9,0,,,,
Johnathan Motley,F,23,LAC,7.1,4.6,0.534,0,0.6,2.3,0.5,0.2,0.1,,,,
Emmanuel Mudiay,G,22,NYK,27.2,14.8,0.446,1.2,0.774,3.3,3.9,0.7,0.3,,,,
Jamal Murray,G,21,DEN,32.6,18.2,0.437,2,0.848,4.2,4.8,0.9,0.4,,,,
Mike Muscala,F,27,TOT,20.4,7,0.402,1.4,0.824,3.8,1.2,0.3,0.6,,,,
Sviatoslav Mykhailiuk,F,21,TOT,10.5,3.2,0.329,0.7,0.6,0.9,0.9,0.3,0,,,,
Abdel Nader,F,25,OKC,11.4,4,0.423,0.5,0.75,1.9,0.3,0.3,0.2,,,,
Larry Nance,C,26,CLE,26.8,9.4,0.52,0.5,0.716,8.2,3.2,1.5,0.6,,,,
Shabazz Napier,G,27,BRK,17.6,9.4,0.389,1.4,0.833,1.8,2.6,0.7,0.3,,,,
Raul Neto,G,26,UTA,12.8,5.3,0.46,0.5,0.848,1.7,2.5,0.4,0.1,,,,
Georges Niang,F,25,UTA,8.7,4,0.475,0.7,0.833,1.5,0.6,0.2,0.1,,,,
Joakim Noah,C,33,MEM,16.5,7.1,0.516,0,0.716,5.7,2.1,0.5,0.7,,,,
Nerlens Noel,C,24,OKC,13.7,4.9,0.587,0,0.684,4.2,0.6,0.9,1.2,,,,
Dirk Nowitzki,F,40,DAL,15.6,7.3,0.359,1.3,0.78,3.1,0.7,0.2,0.4,,,,
Frank Ntilikina,G,20,NYK,21,5.7,0.337,0.8,0.767,2,2.8,0.7,0.3,,,,
James Nunnally,F,28,TOT,6.8,2.4,0.353,0.5,1,0.3,0.5,0.1,0,,,,
Jusuf Nurkic,C,24,POR,27.4,15.6,0.508,0,0.773,10.4,3.2,1,1.4,,,,
David Nwaba,G,26,CLE,19.3,6.5,0.481,0.5,0.682,3.2,1.1,0.7,0.3,,,,
Semi Ojeleye,F,24,BOS,10.6,3.3,0.424,0.5,0.615,1.5,0.4,0.2,0.1,,,,
Jahlil Okafor,C,23,NOP,15.8,8.2,0.586,0,0.663,4.7,0.7,0.3,0.7,,,,
Élie Okobo,G,21,PHO,18.1,5.7,0.393,0.7,0.787,1.8,2.4,0.6,0.1,,,,
Josh Okogie,G,20,MIN,23.7,7.7,0.386,0.8,0.728,2.9,1.2,1.2,0.4,,,,
Victor Oladipo,G,26,IND,31.9,18.8,0.423,2.1,0.73,5.6,5.2,1.7,0.3,,,,
Kelly Olynyk,F,27,MIA,22.9,10,0.463,1.4,0.822,4.7,1.8,0.7,0.5,,,,
Royce O'Neale,F,25,UTA,20.4,5.2,0.475,0.8,0.762,3.5,1.5,0.7,0.3,,,,
Kyle O'Quinn,C,28,IND,8.2,3.5,0.507,0,0.81,2.6,1.2,0.2,0.6,,,,
Cedi Osman,F,23,CLE,32.2,13,0.427,1.7,0.779,4.7,2.6,0.8,0.1,,,,
Kelly Oubre,F,23,TOT,28,15.2,0.445,1.6,0.775,4.7,1.2,1.2,0.9,,,,
Zaza Pachulia,C,34,DET,12.9,3.9,0.44,0,0.782,3.9,1.3,0.5,0.3,,,,
Jabari Parker,F,23,TOT,26.9,14.5,0.493,1,0.712,6.6,2.4,0.7,0.5,,,,
Tony Parker,G,36,CHO,17.9,9.5,0.46,0.2,0.734,1.5,3.7,0.4,0.1,,,,
Chandler Parsons,F,30,MEM,19.8,7.5,0.374,1.2,0.88,2.8,1.7,0.8,0.2,,,,
Patrick Patterson,F,29,OKC,13.7,3.6,0.374,0.7,0.633,2.3,0.5,0.3,0.2,,,,
Justin Patton,C,21,PHI,7,1.7,0.286,0,0.5,2,1,0.7,0,,,,
Chris Paul,G,33,HOU,32,15.6,0.419,2.2,0.862,4.6,8.2,2,0.3,,,,
Cameron Payne,G,24,TOT,17.8,6.3,0.43,0.6,0.805,1.8,2.7,0.7,0.2,,,,
Elfrid Payton,G,24,NOP,29.8,10.6,0.434,0.8,0.743,5.2,7.6,1,0.4,,,,
Gary Payton,G,26,WAS,5.3,3.7,0.625,0.3,0,0.7,1.3,1,0.3,,,,
Theo Pinson,G,23,BRK,11.7,4.5,0.342,0.7,0.864,2,1.2,0.3,0,,,,
Mason Plumlee,C,28,DEN,21.1,7.8,0.593,0,0.561,6.4,3,0.8,0.9,,,,
Miles Plumlee,C,30,ATL,9.6,4.4,0.667,0,0.533,2.2,0.9,0.3,0.2,,,,
Jakob Pöltl,C,23,SAS,16.5,5.5,0.645,0,0.533,5.3,1.2,0.4,0.9,,,,
Quincy Pondexter,F,30,SAS,5.5,1.8,0.5,0.1,0.81,0.9,0.5,0.2,0,,,,
Otto Porter,F,25,TOT,30.1,13.9,0.465,1.9,0.813,5.6,2.1,1.5,0.6,,,,
Bobby Portis,F,23,TOT,26,14.2,0.444,1.5,0.794,8.1,1.4,0.7,0.4,,,,
Dwight Powell,C,27,DAL,21.6,10.6,0.597,0.5,0.772,5.3,1.5,0.6,0.6,,,,
Norman Powell,G,25,TOR,18.8,8.6,0.483,1.1,0.827,2.3,1.5,0.7,0.2,,,,
Alex Poythress,F,25,ATL,14.5,5.1,0.494,0.4,0.621,3.6,0.8,0.2,0.5,,,,
Ivan Rabb,F,21,MEM,14.7,5.8,0.547,0.1,0.71,4.2,1.1,0.3,0.3,,,,
Chasson Randle,G,25,WAS,15.2,5.5,0.419,0.9,0.694,1.1,2,0.5,0.1,,,,
Julius Randle,F,24,NOP,30.6,21.4,0.524,0.9,0.731,8.7,3.1,0.7,0.6,,,,
J.J. Redick,G,34,PHI,31.3,18.1,0.44,3.2,0.894,2.4,2.7,0.4,0.2,,,,
Cameron Reynolds,G,23,MIN,13.6,5,0.423,1.1,0.889,1.6,0.7,0.3,0.1,,,,
Josh Richardson,G,25,MIA,34.8,16.6,0.412,2.2,0.861,3.6,4.1,1.1,0.5,,,,
Austin Rivers,G,26,TOT,26.7,8.1,0.406,1.4,0.526,2.1,2.2,0.6,0.3,,,,
Devin Robinson,F,23,WAS,13.6,6.7,0.594,0,0.643,2.9,0.9,0.6,0.9,,,,
Duncan Robinson,F,24,MIA,10.7,3.3,0.391,0.7,0.667,1.3,0.3,0.3,0,,,,
Glenn Robinson,F,25,DET,13,4.2,0.42,0.4,0.8,1.5,0.4,0.3,0.2,,,,
Jerome Robinson,G,21,LAC,9.7,3.4,0.4,0.5,0.667,1.2,0.6,0.3,0.1,,,,
Mitchell Robinson,C,20,NYK,20.6,7.3,0.694,0,0.6,6.4,0.6,0.8,2.4,,,,
Rajon Rondo,G,32,LAL,29.8,9.2,0.405,1.1,0.639,5.3,8,1.2,0.2,,,,
Derrick Rose,G,30,MIN,27.3,18,0.482,1.1,0.856,2.7,4.3,0.6,0.2,,,,
Terrence Ross,G,27,ORL,26.5,15.1,0.428,2.7,0.875,3.5,1.7,0.9,0.4,,,,
Terry Rozier,G,24,BOS,22.7,9,0.387,1.5,0.785,3.9,2.9,0.9,0.3,,,,
Ricky Rubio,G,28,UTA,27.9,12.7,0.404,1.2,0.855,3.6,6.1,1.3,0.1,,,,
D'Angelo Russell,G,22,BRK,30.2,21.1,0.434,2.9,0.78,3.9,7,1.2,0.2,,,,
Domantas Sabonis,C,22,IND,24.8,14.1,0.59,0.1,0.715,9.3,2.9,0.6,0.4,,,,
Brandon Sampson,G,21,CHI,15.3,5.1,0.467,0.8,0.667,1.1,0.7,0.6,0.2,,,,
JaKarr Sampson,F,25,CHI,31.8,20,0.537,1.3,0.81,8,1,1,0.8,,,,
Dario Šaric,F,24,TOT,25,10.6,0.437,1.5,0.88,5.6,1.6,0.6,0.1,,,,
Tomáš Satoranský,G,27,WAS,27.1,8.9,0.485,0.8,0.819,3.5,5,1,0.2,,,,
Dennis Schröder,G,25,OKC,29.3,15.5,0.414,1.6,0.819,3.6,4.1,0.8,0.2,,,,
Mike Scott,F,30,TOT,17.7,5.8,0.4,1.3,0.667,3.5,0.8,0.3,0.2,,,,
Thabo Sefolosha,F,34,UTA,12.2,3.8,0.477,0.7,0.636,2.5,0.5,0.9,0.1,,,,
Wayne Selden,G,24,TOT,19.2,6.9,0.406,0.7,0.728,2.4,1.5,0.4,0.2,,,,
Collin Sexton,G,20,CLE,31.8,16.7,0.43,1.5,0.839,2.9,3,0.5,0.1,,,,
Landry Shamet,G,21,TOT,22.8,9.1,0.431,2.1,0.806,1.7,1.5,0.5,0.1,,,,
Iman Shumpert,G,28,TOT,23.9,7.5,0.374,1.5,0.8,3,1.8,1,0.4,,,,
Pascal Siakam,F,24,TOR,31.9,16.9,0.549,1,0.785,6.9,3.1,0.9,0.7,,,,
Ben Simmons,G,22,PHI,34.2,16.9,0.563,0,0.6,8.8,7.7,1.4,0.8,,,,
Jonathon Simmons,F,29,TOT,19,6.5,0.38,0.5,0.742,2.3,2.3,0.5,0.3,,,,
Anfernee Simons,G,19,POR,7.1,3.8,0.444,0.5,0.563,0.7,0.7,0.1,0,,,,
Marcus Smart,G,24,BOS,27.5,8.9,0.422,1.6,0.806,2.9,4,1.8,0.4,,,,
Dennis Smith,G,21,TOT,28.5,13.6,0.428,1.3,0.635,2.9,4.8,1.3,0.4,,,,
Ish Smith,G,30,DET,22.3,8.9,0.419,0.8,0.758,2.6,3.6,0.5,0.2,,,,
J.R. Smith,G,33,CLE,20.2,6.7,0.342,1.1,0.8,1.6,1.9,1,0.3,,,,
Jason Smith,F,32,TOT,9.5,3.3,0.356,0.5,0.875,2.6,0.7,0.2,0.4,,,,
Zhaire Smith,G,19,PHI,18.5,6.7,0.412,1,0.75,2.2,1.7,0.3,0.3,,,,
Tony Snell,F,27,MIL,17.6,6,0.452,1.1,0.881,2.1,0.9,0.4,0.2,,,,
Ray Spalding,F,21,TOT,10.6,3.9,0.532,0,0.333,3.4,0.4,0.6,0.6,,,,
Omari Spellman,F,21,ATL,17.5,5.9,0.402,1,0.711,4.2,1,0.6,0.5,,,,
Nik Stauskas,G,25,TOT,14.9,5.9,0.402,1,0.891,1.9,1.2,0.3,0.1,,,,
D.J. Stephens,G,28,MEM,7,2,0.5,0,0,0,0,1,0,,,,
Lance Stephenson,G,28,LAL,16.5,7.2,0.426,1.1,0.685,3.2,2.1,0.6,0.1,,,,
Edmond Sumner,G,23,IND,9.1,2.9,0.344,0.3,0.625,1,0.4,0.5,0.2,,,,
Caleb Swanigan,F,21,TOT,8.5,2,0.34,0,0.667,3,0.5,0.3,0,,,,
Jayson Tatum,F,20,BOS,31.1,15.7,0.45,1.5,0.855,6,2.1,1.1,0.7,,,,
Jeff Teague,G,30,MIN,30.1,12.1,0.423,0.8,0.804,2.5,8.2,1,0.4,,,,
Garrett Temple,G,32,TOT,27.2,7.8,0.422,1.2,0.748,2.9,1.4,1,0.4,,,,
Miloš Teodosic,G,31,LAC,10,3.2,0.425,0.7,0.571,1.1,2.1,0.2,0.1,,,,
Jared Terrell,G,23,MIN,7.9,2.2,0.308,0.3,0.5,0.4,0.9,0.2,0.1,,,,
Emanuel Terry,F,22,TOT,7.7,3.3,0.571,0,0.5,2.3,0.7,1,0,,,,
Daniel Theis,C,26,BOS,13.8,5.7,0.549,0.4,0.737,3.4,1,0.3,0.6,,,,
Isaiah Thomas,G,29,DEN,15.1,8.1,0.343,1,0.63,1.1,1.9,0.4,0.1,,,,
Khyri Thomas,G,22,DET,7.5,2.3,0.319,0.4,0.636,0.8,0.3,0.3,0.2,,,,
Lance Thomas,F,30,NYK,17,4.5,0.396,0.5,0.75,2.5,0.6,0.4,0.2,,,,
Klay Thompson,G,28,GSW,34,21.5,0.467,3.1,0.816,3.8,2.4,1.1,0.6,,,,
Tristan Thompson,C,27,CLE,27.9,10.9,0.529,0,0.642,10.2,2,0.7,0.4,,,,
Anthony Tolliver,F,33,MIN,16.6,5,0.382,1.2,0.783,2.7,0.7,0.3,0.3,,,,
Karl-Anthony Towns,C,23,MIN,33.1,24.4,0.518,1.8,0.836,12.4,3.4,0.9,1.6,,,,
Gary Trent,G,20,POR,7.4,2.7,0.32,0.3,0.429,0.7,0.3,0.1,0.1,,,,
Allonzo Trier,G,23,NYK,22.8,10.9,0.448,0.8,0.803,3.1,1.9,0.4,0.2,,,,
P.J. Tucker,F,33,HOU,34.2,7.3,0.396,1.8,0.695,5.8,1.2,1.6,0.5,,,,
Evan Turner,G,30,POR,22,6.8,0.46,0.2,0.708,4.5,3.9,0.5,0.2,,,,
Myles Turner,C,22,IND,28.6,13.3,0.487,1,0.736,7.2,1.6,0.8,2.7,,,,
Ekpe Udoh,C,31,UTA,6.3,2.3,0.694,0,0.633,1.8,0.5,0.2,0.6,,,,
Jonas Valanciunas,C,26,TOT,22.3,15.6,0.559,0.3,0.795,8.6,1.4,0.4,1.1,,,,
Fred VanVleet,G,24,TOR,27.5,11,0.41,1.8,0.843,2.6,4.8,0.9,0.3,,,,
Noah Vonleh,F,23,NYK,25.3,8.4,0.47,0.7,0.712,7.8,1.9,0.7,0.8,,,,
Nikola Vucevic,C,28,ORL,31.4,20.8,0.518,1.1,0.789,12,3.8,1,1.1,,,,
Dwyane Wade,G,37,MIA,26.2,15,0.433,1.2,0.708,4,4.2,0.8,0.5,,,,
Moritz Wagner,C,21,LAL,10.4,4.8,0.415,0.5,0.811,2,0.6,0.3,0.3,,,,
Dion Waiters,G,27,MIA,25.9,12,0.414,2.5,0.5,2.6,2.8,0.7,0.2,,,,
Kemba Walker,G,28,CHO,34.9,25.6,0.434,3.2,0.844,4.4,5.9,1.2,0.4,,,,
Lonnie Walker,G,20,SAS,6.9,2.6,0.348,0.3,0.8,1,0.5,0.4,0.2,,,,
John Wall,G,28,WAS,34.5,20.7,0.444,1.6,0.697,3.6,8.7,1.5,0.9,,,,
Tyrone Wallace,G,24,LAC,10.1,3.5,0.424,0.1,0.526,1.6,0.7,0.3,0.1,,,,
Taurean Waller-Prince,F,24,ATL,28.2,13.5,0.441,2.2,0.819,3.6,2.1,1,0.3,,,,
Brad Wanamaker,G,29,BOS,9.5,3.9,0.476,0.4,0.857,1.1,1.6,0.3,0.1,,,,
T.J. Warren,F,25,PHO,31.6,18,0.486,1.8,0.815,4,1.5,1.2,0.7,,,,
Julian Washburn,F,27,MEM,14.1,2.2,0.333,0.3,0.75,2.3,0.8,0.7,0.1,,,,
Yuta Watanabe,F,24,MEM,11.6,2.6,0.294,0.1,0.7,2.1,0.5,0.3,0.1,,,,
Russell Westbrook,G,30,OKC,36,22.9,0.428,1.6,0.656,11.1,10.7,1.9,0.5,,,,
Derrick White,G,24,SAS,25.8,9.9,0.479,0.7,0.772,3.7,3.9,1,0.7,,,,
Hassan Whiteside,C,29,MIA,23.3,12.3,0.571,0,0.449,11.3,0.8,0.6,1.9,,,,
Andrew Wiggins,F,23,MIN,34.8,18.1,0.412,1.6,0.699,4.8,2.5,1,0.7,,,,
Alan Williams,F,26,BRK,5.2,3.6,0.615,0,0.5,3.8,0.6,0.2,0,,,,
C.J. Williams,G,28,MIN,8.5,2.6,0.486,0.3,0,0.5,0.8,0.4,0,,,,
Johnathan Williams,C,23,LAL,15.5,6.5,0.591,0,0.563,4.1,0.5,0.3,0.3,,,,
Kenrich Williams,F,24,NOP,23.5,6.1,0.384,1.1,0.684,4.8,1.8,1,0.4,,,,
Lou Williams,G,32,LAC,26.6,20,0.425,1.4,0.876,3,5.4,0.8,0.1,,,,
Marvin Williams,F,32,CHO,28.4,10.1,0.422,1.9,0.767,5.4,1.2,0.9,0.8,,,,
Robert Williams,C,21,BOS,8.8,2.5,0.706,0,0.6,2.5,0.2,0.3,1.3,,,,
Troy Williams,F,24,SAC,14.9,5.3,0.449,0.7,0.6,2.8,0.5,0.5,0.4,,,,
D.J. Wilson,F,22,MIL,18.4,5.8,0.414,1,0.553,4.6,1.1,0.4,0.4,,,,
Justise Winslow,F,22,MIA,29.7,12.6,0.433,1.5,0.628,5.4,4.3,1.1,0.3,,,,
Christian Wood,F,23,TOT,12,8.2,0.521,0.4,0.732,4,0.4,0.3,0.5,,,,
Delon Wright,G,26,TOT,22.7,8.7,0.434,0.7,0.793,3.5,3.3,1.2,0.4,,,,
Guerschon Yabusele,F,23,BOS,6.1,2.3,0.455,0.2,0.682,1.3,0.4,0.2,0.2,,,,
Nick Young,G,33,DEN,9.3,2.3,0.333,0.8,0,0.3,0.5,0,0.3,,,,
Thaddeus Young,F,30,IND,30.7,12.6,0.527,0.6,0.644,6.5,2.5,1.5,0.4,,,,
Trae Young,G,20,ATL,30.9,19.1,0.418,1.9,0.829,3.7,8.1,0.9,0.2,,,,
Cody Zeller,C,26,CHO,25.4,10.1,0.551,0.1,0.787,6.8,2.1,0.8,0.8,,,,
Tyler Zeller,C,29,TOT,15.5,7.7,0.533,0,0.778,4,0.7,0.2,0.5,,,,
Ante ŽZizic,C,22,CLE,18.3,7.8,0.553,0,0.705,5.4,0.9,0.2,0.4,,,,
Ivica Zubac,C,21,TOT,17.6,8.9,0.559,0,0.802,6.1,1.1,0.2,0.9,,,,
